,Región
0,Los Lagos
1,Los Lagos
2,Los Lagos
3,Los Lagos
4,Los Lagos
5,Los Lagos
6,Los Lagos
7,Los Lagos
8,Los Lagos
9,Los Lagos
10,Los Lagos
11,Los Lagos
12,Los Lagos
13,Los Lagos
14,Los Lagos
15,Los Lagos
16,Los Lagos
17,Los Lagos
18,Los Lagos
19,Los Lagos
20,Los Lagos
21,Los Lagos
22,Los Lagos
23,Los Lagos
24,Los Lagos
25,Los Lagos
26,Los Lagos
27,Los Lagos
28,Los Lagos
29,Los Lagos
30,Los Lagos
31,Los Lagos
32,Los Lagos
33,Los Lagos
34,Los Lagos
35,Los Lagos
36,Los Lagos
37,Los Lagos
38,Los Lagos
39,Los Lagos
40,Los Lagos
41,Los Lagos
42,Los Lagos
43,Los Lagos
44,Los Lagos
45,Los Lagos
46,Los Lagos
47,Los Lagos
48,Los Lagos
49,Los Lagos
50,Los Lagos
51,Los Lagos
52,Los Lagos
53,Los Lagos
54,Los Lagos
55,Los Lagos
56,Los Lagos
57,Los Lagos
58,Los Lagos
59,Los Lagos
60,Los Lagos
61,Los Lagos
62,Los Lagos
63,Los Lagos
64,Los Lagos
65,Los Lagos
66,Los Lagos
67,Los Lagos
68,Los Lagos
69,Los Lagos
70,Los Lagos
71,Los Lagos
72,Los Lagos
73,Los Lagos
74,Los Lagos
75,Los Lagos
76,Los Lagos
77,Los Lagos
78,Los Lagos
79,Los Lagos
80,Los Lagos
81,Los Lagos
82,Los Lagos
83,Los Lagos
84,Los Lagos
85,Los Lagos
86,Los Lagos
87,Los Lagos
88,Los Lagos
89,Los Lagos
90,Los Lagos
91,Los Lagos
92,Los Lagos
93,Los Lagos
94,Los Lagos
95,Los Lagos
96,Los Lagos
97,Los Lagos
98,Los Lagos
99,Los Lagos
100,Los Lagos
101,Los Lagos
102,Los Lagos
103,Los Lagos
104,Los Lagos
105,Los Lagos
106,Los Lagos
107,Los Lagos
108,Los Lagos
109,Los Lagos
110,Los Lagos
111,Los Lagos
112,Los Lagos
113,Los Lagos
114,Los Lagos
115,Los Lagos
116,Los Lagos
117,Los Lagos
118,Los Lagos
119,Los Lagos
120,Los Lagos
121,Los Lagos
122,Los Lagos
123,Los Lagos
124,Los Lagos
125,Los Lagos
126,Los Lagos
127,Los Lagos
128,Los Lagos
129,Los Lagos
130,Los Lagos
131,Los Lagos
132,Los Lagos
133,Los Lagos
134,Los Lagos
135,Los Lagos
136,Los Lagos
137,Los Lagos
138,Los Lagos
139,Los Lagos
140,Los Lagos
141,Los Lagos
142,Los Lagos
143,Los Lagos
144,Los Lagos
145,Los Lagos
146,Los Lagos
147,Los Lagos
148,Los Lagos
149,Los Lagos
150,Los Lagos
151,Los Lagos
152,Los Lagos
153,Los Lagos
154,Los Lagos
155,Los Lagos
156,Los Lagos
157,Los Lagos
158,Los Lagos
159,Los Lagos
160,Los Lagos
161,Los Lagos
162,Los Lagos
163,Los Lagos
164,Los Lagos
165,Los Lagos
166,Los Lagos
167,Los Lagos
168,Los Lagos
169,Los Lagos
170,Los Lagos
171,Los Lagos
172,Los Lagos
173,Los Lagos
174,Los Lagos
175,Los Lagos
176,Los Lagos
177,Los Lagos
178,Los Lagos
179,Los Lagos
180,Los Lagos
181,Los Lagos
182,Los Lagos
183,Los Lagos
184,Los Lagos
185,Los Lagos
186,Los Lagos
187,Los Lagos
188,Los Lagos
189,Los Lagos
190,Los Lagos
191,Los Lagos
192,Los Lagos
193,Los Lagos
194,Los Lagos
195,Los Lagos
196,Los Lagos
197,Los Lagos
198,Los Lagos
199,Los Lagos
200,Los Lagos
201,Los Lagos
202,Los Lagos
203,Los Lagos
204,Los Lagos
205,Los Lagos
206,Los Lagos
207,Los Lagos
208,Los Lagos
209,Los Lagos
210,Los Lagos
211,Los Lagos
212,Los Lagos
213,Los Lagos
214,Los Lagos
215,Los Lagos
216,Los Lagos
217,Los Lagos
218,Los Lagos
219,Los Lagos
220,Los Lagos
221,Los Lagos
222,Los Lagos
223,Los Lagos
224,Los Lagos
225,Los Lagos
226,Los Lagos
227,Los Lagos
228,Los Lagos
229,Los Lagos
230,Los Lagos
231,Los Lagos
232,Los Lagos
233,Los Lagos
234,Los Lagos
235,Los Lagos
236,Los Lagos
237,Los Lagos
238,Los Lagos
239,Los Lagos
240,Los Lagos
241,Los Lagos
242,Los Lagos
243,Los Lagos
244,Los Lagos
245,Los Lagos
246,Los Lagos
247,Los Lagos
248,Los Lagos
249,Los Lagos
250,Los Lagos
251,Los Lagos
252,Los Lagos
253,Los Lagos
254,Los Lagos
255,Los Lagos
256,Los Lagos
257,Los Lagos
258,Los Lagos
259,Los Lagos
260,Los Lagos
261,Los Lagos
262,Los Lagos
263,Los Lagos
264,Los Lagos
265,Los Lagos
266,Los Lagos
267,Los Lagos
268,Los Lagos
269,Los Lagos
270,Los Lagos
271,Los Lagos
272,Los Lagos
273,Los Lagos
274,Los Lagos
275,Los Lagos
276,Los Lagos
277,Los Lagos
278,Los Lagos
279,Los Lagos
280,Los Lagos
281,Los Lagos
282,Los Lagos
283,Los Lagos
284,Los Lagos
285,Los Lagos
286,Los Lagos
287,Los Lagos
288,Los Lagos
289,Los Lagos
290,Los Lagos
291,Los Lagos
292,Los Lagos
293,Los Lagos
294,Los Lagos
295,Los Lagos
296,Los Lagos
297,Los Lagos
298,Los Lagos
299,Los Lagos
300,Los Lagos
301,Los Lagos
302,Los Lagos
303,Los Lagos
304,Los Lagos
305,Los Lagos
306,Los Lagos
307,Los Lagos
308,Los Lagos
309,Los Lagos
310,Los Lagos
311,Los Lagos
312,Los Lagos
313,Los Lagos
314,Los Lagos
315,Los Lagos
316,Los Lagos
317,Los Lagos
318,Los Lagos
319,Los Lagos
320,Los Lagos
321,Los Lagos
322,Los Lagos
323,Los Lagos
324,Los Lagos
325,Los Lagos
326,Los Lagos
327,Los Lagos
328,Los Lagos
329,Los Lagos
330,Los Lagos
331,Los Lagos
332,Los Lagos
333,Los Lagos
334,Los Lagos
335,Los Lagos
336,Los Lagos
337,Los Lagos
338,Los Lagos
339,Los Lagos
340,Los Lagos
341,Los Lagos
342,Los Lagos
343,Los Lagos
344,Los Lagos
345,Los Lagos
346,Los Lagos
347,Los Lagos
348,Los Lagos
349,Los Lagos
350,Los Lagos
351,Los Lagos
352,Los Lagos
353,Los Lagos
354,Los Lagos
355,Los Lagos
356,Los Lagos
357,Los Lagos
358,Los Lagos
359,Los Lagos
360,Los Lagos
361,Los Lagos
362,Los Lagos
363,Los Lagos
364,Los Lagos
365,Los Lagos
366,Los Lagos
367,Los Lagos
368,Los Lagos
369,Los Lagos
370,Los Lagos
371,Los Lagos
372,Los Lagos
373,Los Lagos
374,Los Lagos
375,Los Lagos
376,Los Lagos
377,Los Lagos
378,Los Lagos
379,Los Lagos
380,Los Lagos
381,Los Lagos
382,Los Lagos
383,Los Lagos
384,Los Lagos
385,Los Lagos
386,Los Lagos
387,Los Lagos
388,Los Lagos
389,Los Lagos
390,Los Lagos
391,Los Lagos
392,Los Lagos
393,Los Lagos
394,Los Lagos
395,Los Lagos
396,Los Lagos
397,Los Lagos
398,Los Lagos
399,Araucanía
400,Araucanía
401,Araucanía
402,Araucanía
403,Araucanía
404,Araucanía
405,Araucanía
406,Araucanía
407,Araucanía
408,Araucanía
409,Araucanía
410,Araucanía
411,Araucanía
412,Araucanía
413,Araucanía
414,Araucanía
415,Araucanía
416,Araucanía
417,Araucanía
418,Araucanía
419,Los Ríos
420,Los Ríos
421,Los Ríos
422,Los Ríos
423,Los Ríos
424,Los Ríos
425,Los Ríos
426,Los Ríos
427,Los Ríos
428,Los Ríos
429,Los Ríos
430,Los Ríos
431,Los Ríos
432,Los Ríos
433,Los Ríos
434,Los Ríos
435,Los Ríos
436,Los Ríos
437,Los Ríos
438,Los Ríos
439,Los Ríos
440,Los Ríos
441,Los Ríos
442,Los Ríos
443,Los Ríos
444,Los Ríos
445,Los Ríos
446,Los Ríos
447,Los Ríos
448,Los Ríos
449,Los Ríos
450,Los Ríos
451,Los Ríos
452,Los Ríos
453,Araucanía
454,Araucanía
455,Araucanía
456,Los Ríos
457,Araucanía
458,Araucanía
459,Araucanía
460,Araucanía
461,Araucanía
462,Araucanía
463,Araucanía
464,Araucanía
465,Araucanía
466,Araucanía
467,Los Ríos
468,Los Ríos
469,Los Ríos
470,Los Ríos
471,Los Ríos
472,Los Ríos
473,Los Lagos
474,Araucanía
475,Araucanía
476,Los Ríos
477,Los Lagos
478,Los Lagos
479,Los Lagos
480,Los Lagos
481,Los Lagos
482,Los Lagos
483,Los Lagos
484,Los Lagos
485,Los Lagos
486,Biobío
487,Biobío
488,Biobío
489,Biobío
490,Biobío
491,Biobío
492,Biobío
493,Biobío
494,Biobío
495,Biobío
496,Biobío
497,Biobío
498,Biobío
499,Biobío
500,Biobío
501,Biobío
502,Biobío
503,Biobío
504,Biobío
505,Biobío
506,Biobío
507,Biobío
508,Biobío
509,Biobío
510,Biobío
511,Biobío
512,Biobío
513,Biobío
514,Biobío
515,Biobío
516,Biobío
517,Biobío
518,Biobío
519,Biobío
520,Biobío
521,Biobío
522,Biobío
523,Biobío
524,Biobío
525,Biobío
526,Biobío
527,Biobío
528,Biobío
529,Biobío
530,Biobío
531,Biobío
532,Biobío
533,Biobío
534,Biobío
0,Los Lagos
1,Los Lagos
2,Los Lagos
3,Los Lagos
4,Los Lagos
5,Los Lagos
6,Los Lagos
7,Los Lagos
8,Los Lagos
9,Los Lagos
10,Los Lagos
11,Los Lagos
12,Los Lagos
13,Los Lagos
14,Los Lagos
15,Los Lagos
16,Los Lagos
17,Los Lagos
18,Los Lagos
19,Los Lagos
20,Los Lagos
21,Los Lagos
22,Los Lagos
23,Los Lagos
24,Los Lagos
25,Los Lagos
26,Los Lagos
27,Los Lagos
28,Los Lagos
29,Los Lagos
30,Los Lagos
31,Los Lagos
32,Los Lagos
33,Los Lagos
34,Los Lagos
35,Los Lagos
36,Los Lagos
37,Los Lagos
38,Los Lagos
39,Los Lagos
40,Los Lagos
41,Los Lagos
42,Los Lagos
43,Los Lagos
44,Los Lagos
45,Los Lagos
46,Los Lagos
47,Los Lagos
48,Los Lagos
49,Los Lagos
50,Los Lagos
51,Los Lagos
52,Los Lagos
53,Los Lagos
54,Los Lagos
55,Los Lagos
56,Los Lagos
57,Los Lagos
58,Los Lagos
59,Los Lagos
60,Los Lagos
61,Los Lagos
62,Los Lagos
63,Los Lagos
64,Los Lagos
65,Los Lagos
66,Los Lagos
67,Los Lagos
68,Los Lagos
69,Los Lagos
70,Los Lagos
71,Los Lagos
72,Los Lagos
73,Los Lagos
74,Los Lagos
75,Los Lagos
76,Los Lagos
77,Los Lagos
78,Los Lagos
79,Los Lagos
80,Los Lagos
81,Los Lagos
82,Los Lagos
83,Los Lagos
84,Los Lagos
85,Los Lagos
86,Los Lagos
87,Los Lagos
88,Los Lagos
89,Los Lagos
90,Los Lagos
91,Los Lagos
92,Los Lagos
93,Los Lagos
94,Los Lagos
95,Los Lagos
96,Los Lagos
97,Los Lagos
98,Los Lagos
99,Los Lagos
100,Los Lagos
101,Los Lagos
102,Los Lagos
103,Los Lagos
104,Los Lagos
105,Los Lagos
106,Los Lagos
107,Los Lagos
108,Los Lagos
109,Los Lagos
110,Los Lagos
111,Los Lagos
112,Los Lagos
113,Los Lagos
114,Los Lagos
115,Los Lagos
116,Los Lagos
117,Los Lagos
118,Los Lagos
119,Los Lagos
120,Los Lagos
121,Los Lagos
122,Los Lagos
123,Los Lagos
124,Los Lagos
125,Los Lagos
126,Los Lagos
127,Los Lagos
128,Los Lagos
129,Los Lagos
130,Los Lagos
131,Los Lagos
132,Los Lagos
133,Los Lagos
134,Los Lagos
135,Los Lagos
136,Los Lagos
137,Los Lagos
138,Los Lagos
139,Los Lagos
140,Los Lagos
141,Los Lagos
142,Los Lagos
143,Los Lagos
144,Los Lagos
145,Los Lagos
146,Los Lagos
147,Los Lagos
148,Los Lagos
149,Los Lagos
150,Los Lagos
151,Los Lagos
152,Los Lagos
153,Los Lagos
154,Los Lagos
155,Los Lagos
156,Los Lagos
157,Los Lagos
158,Los Lagos
159,Los Lagos
160,Los Lagos
161,Los Lagos
162,Los Lagos
163,Los Lagos
164,Los Lagos
165,Los Lagos
166,Los Lagos
167,Los Lagos
168,Los Lagos
169,Los Lagos
170,Los Lagos
171,Los Lagos
172,Los Lagos
173,Los Lagos
174,Los Lagos
175,Los Lagos
176,Los Lagos
177,Los Lagos
178,Los Lagos
179,Los Lagos
180,Los Lagos
181,Los Lagos
182,Los Lagos
183,Los Lagos
184,Los Lagos
185,Los Lagos
186,Los Lagos
187,Los Lagos
188,Los Lagos
189,Los Lagos
190,Los Lagos
191,Los Lagos
192,Los Lagos
193,Los Lagos
194,Los Lagos
195,Los Lagos
196,Los Lagos
197,Los Lagos
198,Los Lagos
199,Los Lagos
200,Los Lagos
201,Los Lagos
202,Los Lagos
203,Los Lagos
204,Los Lagos
205,Los Lagos
206,Los Lagos
207,Los Lagos
208,Los Lagos
209,Los Lagos
210,Los Lagos
211,Los Lagos
212,Los Lagos
213,Los Lagos
214,Los Lagos
215,Los Lagos
216,Los Lagos
217,Los Lagos
218,Los Lagos
219,Los Lagos
220,Los Lagos
221,Los Lagos
222,Los Lagos
223,Los Lagos
224,Los Lagos
225,Los Lagos
226,Los Lagos
227,Los Lagos
228,Los Lagos
229,Los Lagos
230,Los Lagos
231,Los Lagos
232,Los Lagos
233,Los Lagos
234,Los Lagos
235,Los Lagos
236,Los Lagos
237,Los Lagos
238,Los Lagos
239,Los Lagos
240,Los Lagos
241,Los Lagos
242,Los Lagos
243,Los Lagos
244,Los Lagos
245,Los Lagos
246,Los Lagos
247,Los Lagos
248,Los Lagos
249,Los Lagos
250,Los Lagos
251,Los Lagos
252,Los Lagos
253,Los Lagos
254,Los Lagos
255,Los Lagos
256,Los Lagos
257,Los Lagos
258,Los Lagos
259,Los Lagos
260,Los Lagos
261,Los Lagos
262,Los Lagos
263,Los Lagos
264,Los Lagos
265,Los Lagos
266,Los Lagos
267,Los Lagos
268,Los Lagos
269,Los Lagos
270,Los Lagos
271,Los Lagos
272,Los Lagos
273,Los Lagos
274,Los Lagos
275,Los Lagos
276,Los Lagos
277,Los Lagos
278,Los Lagos
279,Los Lagos
280,Los Lagos
281,Los Lagos
282,Los Lagos
283,Los Lagos
284,Los Lagos
285,Los Lagos
286,Los Lagos
287,Los Lagos
288,Los Lagos
289,Los Lagos
290,Los Lagos
291,Los Lagos
292,Los Lagos
293,Los Lagos
294,Los Lagos
295,Los Lagos
296,Los Lagos
297,Los Lagos
298,Los Lagos
299,Los Lagos
300,Los Lagos
301,Los Lagos
302,Los Lagos
303,Los Lagos
304,Los Lagos
305,Los Lagos
306,Los Lagos
307,Los Lagos
308,Los Lagos
309,Los Lagos
310,Los Lagos
311,Los Lagos
312,Los Lagos
313,Los Lagos
314,Los Lagos
315,Los Lagos
316,Los Lagos
317,Los Lagos
318,Los Lagos
319,Los Lagos
320,Los Lagos
321,Los Lagos
322,Los Lagos
323,Los Lagos
324,Los Lagos
325,Los Lagos
326,Los Lagos
327,Los Lagos
328,Los Lagos
329,Los Lagos
330,Los Lagos
331,Los Lagos
332,Los Lagos
333,Los Lagos
334,Los Lagos
335,Los Lagos
336,Los Lagos
337,Los Lagos
338,Los Lagos
339,Los Lagos
340,Los Lagos
341,Los Lagos
342,Los Lagos
343,Los Lagos
344,Los Lagos
345,Los Lagos
346,Los Lagos
347,Los Lagos
348,Los Lagos
349,Los Lagos
350,Los Lagos
351,Los Lagos
352,Los Lagos
353,Los Lagos
354,Los Lagos
355,Los Lagos
356,Los Lagos
357,Los Lagos
358,Los Lagos
359,Los Lagos
360,Los Lagos
361,Los Lagos
362,Los Lagos
363,Los Lagos
364,Los Lagos
365,Los Lagos
366,Los Lagos
367,Los Lagos
368,Los Lagos
369,Los Lagos
370,Los Lagos
371,Los Lagos
372,Los Lagos
373,Los Lagos
374,Los Lagos
375,Los Lagos
376,Los Lagos
377,Los Lagos
378,Los Lagos
379,Los Lagos
380,Los Lagos
381,Los Lagos
382,Los Lagos
383,Los Lagos
384,Los Lagos
385,Los Lagos
386,Los Lagos
387,Los Lagos
388,Los Lagos
389,Los Lagos
390,Los Lagos
391,Los Lagos
392,Los Lagos
393,Los Lagos
394,Los Lagos
395,Los Lagos
396,Los Lagos
397,Los Lagos
398,Los Lagos
399,Araucanía
400,Araucanía
401,Araucanía
402,Araucanía
403,Araucanía
404,Araucanía
405,Araucanía
406,Araucanía
407,Araucanía
408,Araucanía
409,Araucanía
410,Araucanía
411,Araucanía
412,Araucanía
413,Araucanía
414,Araucanía
415,Araucanía
416,Araucanía
417,Araucanía
418,Araucanía
419,Los Ríos
420,Los Ríos
421,Los Ríos
422,Los Ríos
423,Los Ríos
424,Los Ríos
425,Los Ríos
426,Los Ríos
427,Los Ríos
428,Los Ríos
429,Los Ríos
430,Los Ríos
431,Los Ríos
432,Los Ríos
433,Los Ríos
434,Los Ríos
435,Los Ríos
436,Los Ríos
437,Los Ríos
438,Los Ríos
439,Los Ríos
440,Los Ríos
441,Los Ríos
442,Los Ríos
443,Los Ríos
444,Los Ríos
445,Los Ríos
446,Los Ríos
447,Los Ríos
448,Los Ríos
449,Los Ríos
450,Los Ríos
451,Los Ríos
452,Los Ríos
453,Araucanía
454,Araucanía
455,Araucanía
456,Los Ríos
457,Araucanía
458,Araucanía
459,Araucanía
460,Araucanía
461,Araucanía
462,Araucanía
463,Araucanía
464,Araucanía
465,Araucanía
466,Araucanía
467,Los Ríos
468,Los Ríos
469,Los Ríos
470,Los Ríos
471,Los Ríos
472,Los Ríos
473,Los Lagos
474,Araucanía
475,Araucanía
476,Los Ríos
477,Los Lagos
478,Los Lagos
479,Los Lagos
480,Los Lagos
481,Los Lagos
482,Los Lagos
483,Los Lagos
484,Los Lagos
485,Los Lagos
486,Biobío
487,Biobío
488,Biobío
489,Biobío
490,Biobío
491,Biobío
492,Biobío
493,Biobío
494,Biobío
495,Biobío
496,Biobío
497,Biobío
498,Biobío
499,Biobío
500,Biobío
501,Biobío
502,Biobío
503,Biobío
504,Biobío
505,Biobío
506,Biobío
507,Biobío
508,Biobío
509,Biobío
510,Biobío
511,Biobío
512,Biobío
513,Biobío
514,Biobío
515,Biobío
516,Biobío
517,Biobío
518,Biobío
519,Biobío
520,Biobío
521,Biobío
522,Biobío
523,Biobío
524,Biobío
525,Biobío
526,Biobío
527,Biobío
528,Biobío
529,Biobío
530,Biobío
531,Biobío
532,Biobío
533,Biobío
534,Biobío
